"Sindicato","Convenção","Título da Cláusula","Resumo","Cláusula Completa"
"SINDICATO DOS TRABALHADORES EM SANTAS CASAS, ENTIDADES FILANTRÓPICAS, BENEFICENTES E RELIGIOSAS EM ESTABELECIMENTOS DE SERVIÇOS DE SAÚDE DO ESTADO DA BAHIA - SINDISAÚDE","2024-2022","CLÁUSULA PRIMEIRA - ABRANGÊNCIA.","Reajuste salarial de até 4% em 2025 para categorias não abrangidas pela Lei 14.434/22, com pagamento em parcelas e negociação livre para salários acima de R$9.000.","CúUsUtA sEGUNDA - REAJUsTE sALARIAL As instituições integrantes da Categoria Econômica representadas pelo SINDIFIBA concederão aos seus empregados um reajuste salarial da seguinte forma: a) Para as categorias profissionais não abrangidas pela Lei ne. L4.434/2022, será concedido o reajuste de 2% (dois por cento) a partir de maio à agosto de 2025, em forma de abono, calculado sobre o salário de abril de 2025. A partir de ol/oglzo25,o reajuste salarialfinal será de 4%o (quatro por cento), carculado sobre o salário de abril/2025, sem pagamento retrotivo e sem sobreposição de percentuais. b) Para as categorias profissionais abrangidas pela Lei no. r4.434/zo2z, não será concedído reajuste salaria l. c) Para os empregados que recebem salário base igual ou superior a Rsg.0oo,oo (nove mil reais), ficam as instituições autorizadas a negociar livremente qualquer índice de reajuste de salário; PARÁGRAFo PRIMEIRo - os valores retroativos (2% - dois por cento) previstos no item,,a,, do caput, correspondentes ao período de maio a agosto/2025, inclusive verbas rescisórias deste periodo, serão pagos em 04 (quatro) parcelas, nas folhas de outubro/2025, novembro/2025, janeiro/2026 e fevereiro/2026, em forma de abono, e não constituem base de incidência de qualquer encargo trabalhista e previdenciário. PARAGRAFo SEGUNDo - serão compensadas todas as antecipações e reajustes salariais concedidos pelas instituições aos seus empregados a partir de 01 de maio de 2024, inclusive aqueles previstos em acordo coletivo. PARÁGRAFO TERCEIRo - somente não serão compensados os aumentos concedidos por força de promoção, transferência, equiparação salarial, implemento de idade, mérito, termino de contrato de aprendizagem e planos de cargos. CúUSUtA TERCEIRA - DA coNcEssÃo DE AEoNo ESPECIAT Para os empregados (auxiliares de enfermagem, técnicos de enÍermagem e parteiras), indicados a clausula segunda, alíena ""b"", e que recebem complemento do piso Salarial Nacional (LEl 74.434/2022), na forma determinada pela ADI 7.222 srF, será concedido um abono salarial de 2% (dois por cento) calculado sobre o salário base dos meses de maio, junho, iulho e agosto /2025, em 4 (quatro) parcelas, a serem pagos nas folhas salariais dos meses de oulubro 12025, novembro/2025, janeno/2026 e fevereiro/2026, não constituindo esta parcela em base de incidência de qualquer encargo trabalhista e/ou previdenciario k,"
"SINDICATO DOS TRABALHADORES EM SANTAS CASAS, ENTIDADES FILANTRÓPICAS, BENEFICENTES E RELIGIOSAS EM ESTABELECIMENTOS DE SERVIÇOS DE SAÚDE DO ESTADO DA BAHIA - SINDISAÚDE","2024-2022","CLÁUSULA QUARTA - HORAS EXTRAS","Horas extras serão remuneradas com adicional de 65%, podendo ser pagas ou compensadas; em sábados, domingos e feriados, o adicional será de 100%.","O adicional de horas extras será pago na razão de 65% (sessenta e cinco por cento) sobre a hora normal, assim considerada todas aquelas trabalhadas além da jornada legal ou fixada por função. PARÁGRAFO PRIMEIRO - Fica ajustado, com base no artigo 7e, inciso Xlll, da Constituição Federal/88, que as horas laboradas em sobrejornada poderão ser pagas ou compensadas. PARÁGRAFO SEGUNDO - Nos dias de sábados, domingos e feriados, o adicional de horas extras será à razão de 100% (cem por cento)."
"SINDICATO DOS TRABALHADORES EM SANTAS CASAS, ENTIDADES FILANTRÓPICAS, BENEFICENTES E RELIGIOSAS EM ESTABELECIMENTOS DE SERVIÇOS DE SAÚDE DO ESTADO DA BAHIA - SINDISAÚDE","2024-2022","CLÁUSULA QUINTA - PAGAMENTO DE SAÚRIO","Cláusula prevê adiantamento quinzenal de 25% do salário entre os dias 15 e 20, com piso salarial de R$1.578,72 para 220h/mês e desconto sindical de 2% em outubro/2025.","Será concedido o adiantamento quinzenal de 25% (vinte e cinco por cento) dos salários entre os dias 15 a 20 de cada mês. PARÁGRAFO PRIMEIRO - Quando o dia 20 (vinte) coincidir com o sábado, domingo ou feriado, o pagamento deverá ser antecipado para o dia útil anterior. PARÁGRAFO SEGUNDO - Será mantido o mesmo percentual de antecipação para aquelas instituições que já praticam índice superior. cúUSUTA sExTA - PISo sAúRIo DE INGRESSo O piso de ingresso a ser praticado pelas instituições integrantes da categoria econômica representadas pelo SINDIFIBA nas lnstituições estabelecidas na Capital e no lnterior, a partir de setembro/2o2s, será de R51.578,72 (um mil, quinhentos e setenta e oito reais e setenta e dois centavos) para jornada de 220hs/mês. Este piso e fixado já contemplando um reajuste de 4% (quatro por cento) sobre o valor do piso fixado na CCI 2024/2025. Salienta-se que este piso de ingresso não se aplica aos seguintes profissionais: Auxiliares de Enfermagem, Técnicos de Enfermagem e Parteiras. cúUSUTA sÉTIMA. TAXA NEGocIAL As instituições descontarão de todos os seus empregados, na folha do mês de outubro de 2025, a contribuição assistencial prevista na Constituição Federal, art. 8e, inc. lV para manutenção das atividades sindicais no percentual de 2% (dois por cento) para associados e não associados, incidentes sobre o salário base dos empregadosjá reajustados na forma das cláusulas segunda e quinta desta Convenção Coletiva, valores estes que foram definidos pela Assembleia Geral da categoria, podendo qualquer deles oferecer oposição ao desconto até 10 (dez) dias do efetivo desconto em carta dirigida ao SINDISAÚDE. PARÁGRAFO PRIMEIRo - As instituições deverão repassar à secretaria do SINDISAÚDE a relação nominal das importâncias descontadas, bem com efetuar o depósito bancário respectivo em favor do SINDISAÚDE, na agência 0061; Operação: 003; Conta 633-2 - Caixa Econômica Federal, até o dia 1,8/1212025/rL PARÁGRAFo sEGUNDo - As instituições pagarão nos meses de outubro/2025 e novembro/2025 ao slNDlsAÚDE o percentualtot al de l% (um por cento), devendo o mesmo ser pago da seguinte forma:0,5% no mês de outubro/2025 eo,5%no mês de novemb ro/2025, tendo como base de cálculo o salário base dos mês de setembro e outubro/2025, respectivamente, devendo efetuar o depósito bancário até os dias 20/70/2ozs e 2o/L1,/2025, respectiva mente, em favor do SINDISAÚDE, na agência 0061; Operação: 003 Conta 633-2 - Caixa Econômica Federal. PARAGRAFO rERcElRo - Fica vedado à lnstituição empregadora a realização de quaisquer manifestações, atos, campanhas ou condutas similares no sentido de incentivar ou instigar os trabalhadores não filiados ao sindicato a apresentarem o seu direito de oposição por escrito. PARÁGRAFO QUARTO - Fica vedado ao Sindicato e seus dirigentes a realização de quaisquer manifestações, atos e condutas similares no sentido de constranger os trabalhadores não filiados ao Sindicato profissional a apresentarem o seu direito de oposição por escrito. PARÁGRAFo QUINTo - o trabalhador que não exercer o direito de oposição na forma e no prazo previstos na cláusula sexta não terá direito ao respectivo reembolso da presente contribuição n egocia l."
"SINDICATO DOS TRABALHADORES EM SANTAS CASAS, ENTIDADES FILANTRÓPICAS, BENEFICENTES E RELIGIOSAS EM ESTABELECIMENTOS DE SERVIÇOS DE SAÚDE DO ESTADO DA BAHIA - SINDISAÚDE","2024-2022","CLÁUSULA ORRAVA - ASSTSRÊRVCRN UÉORCN/ODONTOTÓGTCA","Instituições devem oferecer assistência médica/odontológica gratuita aos empregados e dependentes, exceto se houver plano de saúde; comissão paritária avaliará proposta em 6 meses.","As instituições garantirão aos empregados e dependentes legais dentro dos serviços médicos hospitalares que efetivamente dispuserem no âmbito do seu próprio esta belecimento, assistência méd ica/odontológica, sem ônus para o beneficiário e sem obrigação de ampliação dos respectivos serviços para tal fim. PARÁGRAFO PRIMEIRO - As instituiçôes que oferecem seguro saúde ou plano de saúde ficam desobrigadas de prestar assistência médica nas suas unidadey PARÁGRAFo sEXTo - Caso haja ação judicial com decisão final que implique obrigação de devolver os valores descontados dos empregados, o Sindicato profissional, efeito beneficiário dos repasses, assume a obrigação de restituição diretamente aos empregados, dos valores que lhe foram atribuídos, sendo que, caso o ônus recaia sobre a lnstituição, ela poderá cobrar do Sindicato ou promover a compensação com outros valores que devam a ele repassados, inclusive relativos a contribuições associativas, devendo a lnstituição notificar o Sindicato acerca da ação com o referido objeto eventualmente ajuizado, para intervir na relação processual caso tenha interesse. PARÁGRAFO SEGUNDO - Será criada uma comissão pâritária, para no prazo de 06 (seis) meses apresentar estudos de uma proposta de concessão de assistência méd ica/odontológica co nve n iad a."
"SINDICATO DOS TRABALHADORES EM SANTAS CASAS, ENTIDADES FILANTRÓPICAS, BENEFICENTES E RELIGIOSAS EM ESTABELECIMENTOS DE SERVIÇOS DE SAÚDE DO ESTADO DA BAHIA - SINDISAÚDE","2024-2022","CLÁUSULA NONA. GRATIFICAÇÃO DO SETOR ESPECIALIZADO","Técnicos, auxiliares e atendentes de enfermagem admitidos até 30/07/2024 recebem 15% de gratificação sobre o salário base ao atuar em setores especializados, limitada ao salário inicial.","Os técnicos, auxiliares e atendentes em enfermagem admitidos até o dia 3Ol7O/2024, farão jus a gratificação no percentual de 15% (quinze por cento), sobre o salário base, quando realizarem suas atividades laborais em unidades especializadas tais como: Centro Obstétrico, Centro Cirúrgico, Emergência, Unidade de Tratamento lntensivo, lnfectologia e Hemodiálise. Este adicional será devido enquanto estiverem exercendo tais atividades nos aludidos setores. PARÁGRAFO SEGUNDO - A concessão do adicional fica limitado ao salário de ingresso no car8o."
"SINDICATO DOS TRABALHADORES EM SANTAS CASAS, ENTIDADES FILANTRÓPICAS, BENEFICENTES E RELIGIOSAS EM ESTABELECIMENTOS DE SERVIÇOS DE SAÚDE DO ESTADO DA BAHIA - SINDISAÚDE","2024-2022","CLÁUSULA DÉCIMA. ATESTADO MÉDICO","Atestados médicos/odontológicos legais devem ser entregues até o 2º dia útil após afastamento para avaliação, sob risco de recusa, analisados individualmente.","Os atestados médicos e odontológico que preencham os requisitos previstos em Lei, somente serão aceitos se entregues até o segundo dia útil subsequente do afastamento do trabalho, encaminhando-o para o Serviço de Medicina do Trabalho para avaliação, sob pena de serem recusados, devendo ser analisado caso a caso."
"SINDICATO DOS TRABALHADORES EM SANTAS CASAS, ENTIDADES FILANTRÓPICAS, BENEFICENTES E RELIGIOSAS EM ESTABELECIMENTOS DE SERVIÇOS DE SAÚDE DO ESTADO DA BAHIA - SINDISAÚDE","2024-2022","CLÁUSULA DÉCIMA PRIMEIRA - FALTAS","Faltas para exames de ascensão profissional ou capacitação serão abonadas, se avisadas 72h antes, no horário coincidente com o trabalho e comprovadas.","As faltas dos empregados para a realização dos exames que visam sua ascensão profissional a exemplo de vestibular e suplência profissionalizante ou de capacitação escolar e colegial, serão abonadas, no horário de sua efetiva realização, desde quando coincidentes com o horário de labor e pre avisados com antecedência mínima de 72 (setenta e duas) horas, e, devidamente comprovada."
"SINDICATO DOS TRABALHADORES EM SANTAS CASAS, ENTIDADES FILANTRÓPICAS, BENEFICENTES E RELIGIOSAS EM ESTABELECIMENTOS DE SERVIÇOS DE SAÚDE DO ESTADO DA BAHIA - SINDISAÚDE","2024-2022","CLÁUSULA DÉCIMA SEGUNDA - ANUÊNIO","O anuênio congelado desde 30/04/1998 será reajustado conforme os aumentos salariais gerais, com adicional de 10% para técnicos e auxiliares de enfermagem admitidos após 01/07/2004.","permanece como vantagem pessoal, sob o título ""anuênio congelado"" em R$ (reais) o valor praticado em 30 de abril de 1998. PARÁGRAFO PRIMEIRO - o ""anuênio congelado"" mencionado nesta cláusula será reajustado com os mesmos percentuais que forem aplicados aos rea.justes gerais de salários, negociados nesta co n ve n çã o coletiv a.y'/.-. PARÁGRAFO PRIMEIRo - Os técnicos, auxiliares de enfermagem lotados nos setores a que se refere a cláusula oitiva denominada (Gratificação do Setor Especializado) admitidos a partir de 0Ll17/7024, farão jus ao percentual de 10% (dez por cento). Este adicional será devido enquanto estiverem exercendo tais atividades nos aludidos setores. PARÁGRAFO SEGUNDo - Não fazem jus à vantagem prevista nesta cláusula os empregados que não a tenham adquirido até 30/04/1998."
"SINDICATO DOS TRABALHADORES EM SANTAS CASAS, ENTIDADES FILANTRÓPICAS, BENEFICENTES E RELIGIOSAS EM ESTABELECIMENTOS DE SERVIÇOS DE SAÚDE DO ESTADO DA BAHIA - SINDISAÚDE","2024-2022","CLÁUSULA DÉCRMA TERCETRA - SAÚRLO SUBSTLRULÇÃO","Adicionais e vantagens pessoais de empregados serão pagos no mês seguinte, devidamente atualizados.","Os ad icion ais e vantagens pessoais, que os empregados tenham d ireito dentro do mês tra ba lhado serão pagos no mês subsequente, desde que devidamente atualizados."
"SINDICATO DOS TRABALHADORES EM SANTAS CASAS, ENTIDADES FILANTRÓPICAS, BENEFICENTES E RELIGIOSAS EM ESTABELECIMENTOS DE SERVIÇOS DE SAÚDE DO ESTADO DA BAHIA - SINDISAÚDE","2024-2022","CLÁUSULA DÉCIMA QUINTA - AUXÍTIO CRECHE","Auxílio creche de R$72,80 para filhos até 6 anos a partir de set/2025, exceto se houver vaga gratuita; auxílio funeral de R$1.278,66 pago em até 15 dias.","Será concedido para cada filho menor de 06 (seis) anos, a partir de setembro/2025, o valor de RS 72,80 (setenta e dois reais e oitenta centavos), inclusive os adotados legais, auxílio creche. pARÁGRAFO SEGUNDO - As instituições que oferecem vagas em creche, sem ônus para o empregado, estarão desobrigadas de efetuar o pa8amento do referido benefício' As entidades empregadoras pagarão a partir de setembro/2025, o valor de Rs 1.278,66 (Hum mil, duzentos e vinte e oito reais e sessenta e seis centavos) à família do empregado, em caso de falecimento deste, a título de auxílio funeral, no prazo de 15 (quinze) dias a contar da comunicação e apresentação do atestado de óbito. PARÁGRAFO útrttCO - As instituições que oferecem seguro de vida estão desobrigadas ao pagamento do referido benefício."
"SINDICATO DOS TRABALHADORES EM SANTAS CASAS, ENTIDADES FILANTRÓPICAS, BENEFICENTES E RELIGIOSAS EM ESTABELECIMENTOS DE SERVIÇOS DE SAÚDE DO ESTADO DA BAHIA - SINDISAÚDE","2024-2022","CLÁUSULA DÉCIMA SÉTIMA - COMPROVANTE DE PAGAMENTO","Instituições devem fornecer comprovantes de pagamento detalhados, sem custo, por meios físicos ou eletrônicos, incluindo valores do FGIS; substituto recebe salário do substituído.","Os comprovantes de pagamento ou contra-cheques deverão ser fornecidos e/ou dispon ibilizados pelas instituições aos seus empregados, sem ônus para estes, diretamente ou por meios eletrônicos, e emitidos de maneira que neles esteiam discriminadas as parcelas pagas, inclusive o valor correspondente ao recolhimento do FGIS.// Enquanto perdurar a substituição que não tenha caráter meramente eventual, o empregado substituto fará jus ao salário contratual do substituÍdo."
"SINDICATO DOS TRABALHADORES EM SANTAS CASAS, ENTIDADES FILANTRÓPICAS, BENEFICENTES E RELIGIOSAS EM ESTABELECIMENTOS DE SERVIÇOS DE SAÚDE DO ESTADO DA BAHIA - SINDISAÚDE","2024-2022","CLÁUSULA DÉCIMA QUARTA. ADICIONAIS E VANTAGENS","Valores retroativos de 4% (maio a agosto/2025) serão pagos em até 4 parcelas entre outubro/2025 e fevereiro/2026, como abono, sem encargos trabalhistas ou previdenciários.","PARÁGRAFO PRIMEIRO - Os valores retroativos (4% - quatro por cento) correspondentes ao período de maio a agosto/2025, serão pagas em ate 04 (quatro) parcelas, nas folhas dos meses de outubro, novembro/2025 e janeiro, Íevereiol7o26, inclusive verbas rescisórias deste período. O pagamento das diferenças devidas, dar-se-á em forma de abono, e não constituirá base de incidência de qualquer encargo trabalhista e previdenciário."
"SINDICATO DOS TRABALHADORES EM SANTAS CASAS, ENTIDADES FILANTRÓPICAS, BENEFICENTES E RELIGIOSAS EM ESTABELECIMENTOS DE SERVIÇOS DE SAÚDE DO ESTADO DA BAHIA - SINDISAÚDE","2024-2022","CLÁUSULA DÉCIMA SEXTA - AUXÍLIO FUNERAL","Empregado deve solicitar diretamente à instituição a segunda via do auxílio funeral quando necessário.","PARÁGRAFO ÚrutCO - Em caso de necessidade da segunda via o empregado deverá solicitar diretamente à lnstitu ição."
"SINDICATO DOS TRABALHADORES EM SANTAS CASAS, ENTIDADES FILANTRÓPICAS, BENEFICENTES E RELIGIOSAS EM ESTABELECIMENTOS DE SERVIÇOS DE SAÚDE DO ESTADO DA BAHIA - SINDISAÚDE","2024-2022","CLÁUSULA DÉCIMA OITAVA - UNIFORMES","Empregadores fornecerão dois uniformes anuais gratuitamente, exigindo devolução na reposição ou rescisão, sob risco de desconto.","As instituições fornecerão, gratuitamente, aos seus empregados,02 (dois) uniformes por ano, desde que exigidos o seu uso. PARÁGRAFO Út""ltCO - A devolução dos mesmos se dará quando da reposição e/ou rescisão de contrato de trabalho, sob pena de ser descontado o valor referente."
"SINDICATO DOS TRABALHADORES EM SANTAS CASAS, ENTIDADES FILANTRÓPICAS, BENEFICENTES E RELIGIOSAS EM ESTABELECIMENTOS DE SERVIÇOS DE SAÚDE DO ESTADO DA BAHIA - SINDISAÚDE","2024-2022","CLÁUSULA DÉCIMA NONA. QUADRO DE AVISOS","Avisos no quadro devem divulgar assuntos de interesse dos trabalhadores, sem prejudicar a imagem da instituição ou de pessoas.","PARÁGRAFO ÚtrttCO - Os avisos terão como finalidade a divulgação de assuntos de interesse da categoria dos trabalhadores desde que não sejam atentatórios e não venham a denegrir a imagem ou reputação da lnstituição ou pessoas."
"SINDICATO DOS TRABALHADORES EM SANTAS CASAS, ENTIDADES FILANTRÓPICAS, BENEFICENTES E RELIGIOSAS EM ESTABELECIMENTOS DE SERVIÇOS DE SAÚDE DO ESTADO DA BAHIA - SINDISAÚDE","2024-2022","CLÁUSULA VIGÉSIMA PRIMEIRA - ADICIONAL NOTURNO","Adicional noturno de 40% na capital e 35% no interior, com trabalho considerado das 22h às 5h e garantia da redução da hora noturna conforme a lei.","O adicional noturno será pago com percentual de 40% (quarenta por cento) para as instituições estabelecidas na capital e 35% (trinta e cinco por cento) para as instituições estabelecidas no in te rio r. PARÁGRAFO pRIMEIRO - Considera-se como trabalho noturno o realizado entre 22:00 às 5:00 horas. pARÁGRAFO SEGUNDO - As instituições assegurarão aos empregados o cumprimento do que estabelece a legislação vigente no que se refere a redução da hora noturna. cúusut-A vtcÉstMA sEGUNDA - LIBERAçÃo Do DIRIGENTE slNDlcAL e mais 01 (um) diretor por lnstituição até o limite de 02 (dois), excluído deste cômputo o As instituições permitirão a colocação de comunicado para empregados em seu quadro de avisos, desde que previamente encaminhado a direção das instituições. Aos empregados despedidos sem justa causa será concedido o aviso prévio na forma da lei n' 12.506/2077, sendo que o acréscimo de 03(três) dias por cada ano trabalhado, não está limitado a 90 (noventa) d ias. PARÁGRAFO PRIMEIRO - Fica assegurado o benefício a outros diretores titulares que já estejam PARÁGRAFO SEGUNDO - Em qualquer das hipóteses acima mencionadas, não haverá prejuízo dos vencimentos e vantagens."
"SINDICATO DOS TRABALHADORES EM SANTAS CASAS, ENTIDADES FILANTRÓPICAS, BENEFICENTES E RELIGIOSAS EM ESTABELECIMENTOS DE SERVIÇOS DE SAÚDE DO ESTADO DA BAHIA - SINDISAÚDE","2024-2022","CLÁUSULA VIGÉSIMA TERCEIRA - DELEGADO SINDICAL","Garantia de emprego ao delegado sindical eleito, um por delegacia do SINDISAÚDE no interior (exceto Itabuna), desde a candidatura até um ano após o mandato.","Fica garantido o emprego do trabalhador, eleito para o cargo de delegado sindical, na proporção de 01 (um) por delegacia sindical do SINDISAÚDE estabelecidas no lnterior do estado, com exceção de ltabuna, desde a inscrição de sua candidatura até um ano após o término do mandato da diretoria."
"SINDICATO DOS TRABALHADORES EM SANTAS CASAS, ENTIDADES FILANTRÓPICAS, BENEFICENTES E RELIGIOSAS EM ESTABELECIMENTOS DE SERVIÇOS DE SAÚDE DO ESTADO DA BAHIA - SINDISAÚDE","2024-2022","CLÁUSULA VRCÉSRMA EUARTA - RELAÇÃO DE EMPREGADOS","Instituições podem firmar convênios para venda de produtos aos empregados, com descontos autorizados em folha, sem caracterizar salário indireto.","As Instituições poderão firmar convênios com farmácias, óticas e drogarias para a venda e cobrança dos seus artigos e produtos, diretamente aos seus empregados e sob a total respo n sa b ilid a d e destes. PARÁGRAFo Útrttco - As instituições poderão descontar na folha de pagamento de seus empregados os valores correspondentes ao quanto acima mencionado que em hipótese alguma configura rá salário indireto."
"SINDICATO DOS TRABALHADORES EM SANTAS CASAS, ENTIDADES FILANTRÓPICAS, BENEFICENTES E RELIGIOSAS EM ESTABELECIMENTOS DE SERVIÇOS DE SAÚDE DO ESTADO DA BAHIA - SINDISAÚDE","2024-2022","CLÁUSULA VIGÉSIMA SEXTA - CARGA HORÁRIA","Instituições podem adotar jornada semanal de 44 horas com o piso da Lei 74.434/2022, devendo fornecer ao sindicato comprovantes de descontos em até 15 dias.","PARAGRAFO ÚrutCO - As partes acordam que com a implementação e a obrigatoriedade do pagamento do piso para os trabalhadores abrangidos pela Lei ne 74.434/2022, decorrente do PL2564l2O2O, as instituições integrantes do seguimento patronal, poderão adotar jornada de 44 horas semanais da se9uinte Íormaf liberados. As instituições colocarão a disposição do sindicato dos empregados as cópias das guias de contribuição sindical e tâxa assistencial, no prazo de 15 (quinze) dias, após os descontos pertinentes, inclusive a relação dos descontos mensais dos associados."
"SINDICATO DOS TRABALHADORES EM SANTAS CASAS, ENTIDADES FILANTRÓPICAS, BENEFICENTES E RELIGIOSAS EM ESTABELECIMENTOS DE SERVIÇOS DE SAÚDE DO ESTADO DA BAHIA - SINDISAÚDE","2024-2022","CLÁUSULA VIGÉSIMA QUINTA - CONVÊNLOS","A jornada semanal dos atendentes, auxiliares e técnicos em enfermagem é de 36 horas, podendo ser ajustada para funcionários atuais mediante pedido e aprovação sindical.","A carga horária semanal de trabalho dos atendentes, auxiliares e técnicos em enfermagem é de 36 (trinta e seis) horas. 1) De acordo com a conveniência de cada instituição para os novos contratados; 2) Para os funcionários que já integram o quadro funcional, desde que estes manifestem sua vontade, fazendo através de carta de próprio punho, dirigida ao setor pessoal de cada instituição, sendo indispensável a homologação do sindicato laboral."
"SINDICATO DOS TRABALHADORES EM SANTAS CASAS, ENTIDADES FILANTRÓPICAS, BENEFICENTES E RELIGIOSAS EM ESTABELECIMENTOS DE SERVIÇOS DE SAÚDE DO ESTADO DA BAHIA - SINDISAÚDE","2024-2022","CLÁUSULA VIGÉSIMA SÉTIMA. ESCATA DE TRABALHO","Empregados podem cumprir jornadas em escalas de plantão (6, 8, 12 ou 24h) sem adicional de horas extras, com intervalo de 1h a cada 12h, respeitando a carga horária mensal e compensação via banco de horas.","Os empregados com carga horária semanal de 24,36, 40 ou 44 horas poderão cumpri-la em escala de plantão de 6 horas, 8 horas, L2 horas ou 24 horas, desde quando seja de conveniência dos respectivos serviços e respeitada a carga horária mensal contratual. PARÁGRAFO PRIMEIRO - Faculta-se ao empregador estabelecer a escala de trabalho de l-2x36, 12x24 e 72x48 ou 24x72 e em escalas de plantão de 12 horas (Serviço Diurno/Serviço Noturno) em parte dos setores ou em todos os setores dos esta belecimentos vinculados a esta Convenção Coletiva de Trabalho observa ndo-se: 1- Para aqueles empregados que trabalharem sob as denominadas ""escalas de plantão"", as 12 (doze) ou 24 (vinte e quatro) horas de prestação de serviço serão entendidas como horas normais, sobre as quais não haverá a incidência do adicional de horas extras referido na cláusula sexta desta CCT, inclusive no labor em dias considerados como domingos e feriados, ficando esclarecido igualmente que não serão caracterizadas e remuneradas como horas extras as horas trabalhadas na eventualidade de vir a ser ultrapassada a carga horária contratual e desde que o excesso de horas trabalhadas seja compensado na forma estabelecida no banco de horas. 2 - Fica assegurado para os trabalhadores que atuam em escalas de plantão um intervalo de 1 (uma) hora a cada 12 (doze) horas de trabalho, para repouso e refeição, a ser gozado na oportunidade indicada pela lnstituição e compatível com a disponibilidade do serviço em execução (artigo 71 e parágrafos da CLT). 3 - Aos trabalhadores que atuam eminentemente em escalas de plantão de 12 horas (Serviço Diurno/Serviço Noturno), que não se confundem com os regimes de compensação 12x36,1'2x24 ou 72x48, poderão cumprir suas jornadas diárias em turnos diferentes sem que isso caracterize turno in interrupto de revezamento. 4- As escalas de plantão de 12 horas (Serviço Diurno/Serviço Noturno) podem ocorrer em dias consecutivos, desde que se observe a carga horaria contratual, com as respectivas folgas previstas na semana/L, 5- As instituições integrantes da categoria econômica que possuem refeitórios em suas unidades, ficam autorizadas a reduzir o intervalo intrajornada de que trata o aÍtigo77, § 3e da CLT, na forma do quanto disposto pela Portaria ne 1.095 do Ministério do Trabalho e Emprego - MTE, respeitado o limite mínimo exigido de 30 (trinta) mrnutos. PARÁGRAFO SEGUNDO - Excepciona lmente poderá ser admitido o plantão de 24 horas. PARÁGRAFo TERCEIRO - As partes acordam pela possibilidade de implantação do regime de trabalho de 12x24 e L2x48, de acordo com a carga horária contratada e se dará nos seguintes moldes: O trabalho será iniciado com uma jornada de 12h seguida de uma folga de 24h, no dia seguinte ocorrerá novo labor em jornada de 12h, acompanhada de uma folga de 48h. PARÁGRAFo QUARTo - Para a apuração das horas extras a serem pagas ou compensadas não serão levadas em consideração as trocas de plantão efetuadas entre os empregados, ainda que estas trocas impliquem em excesso a carga horária semanal. As instituições permitirão por convenrência Instituiçãorial e consenso entre as partes o limite máximo de 5 (cinco) trocas por mês, inclusive para as jornadas de 72x36, L2x24 e 72x48, escalas mistas (serviço Diurno/serviço Noturno), devendo obedecer a política interna de cada lnstituição, a troca de plantão somente poderá ser realizada caso o empregado tenha descansado, no mínimo, onze horas consecutivas. PARÁGRAFO QUINTO - As instituições integrantes da categoria econômica representada pelo SINDIFIBA ficam autorizadas a funcionarem em domingos e feriados, devendo, entretanto, estabelecerem escalas de folgas compensatórias na forma estabelecida no banco de horas. pARÁGRAFO SEXTO - Conforme artigos 611 -A inciso Xll (Acordos e Convenções Coletivas), e 189 e seguintes da CLT (Atividades lnsalubres), fica estabelecido a todos abrangidos pela respectiva convenção coletiva, o trabalho e a prorrogação da jornada nas atividades descritas nos artigos supracitados."
"SINDICATO DOS TRABALHADORES EM SANTAS CASAS, ENTIDADES FILANTRÓPICAS, BENEFICENTES E RELIGIOSAS EM ESTABELECIMENTOS DE SERVIÇOS DE SAÚDE DO ESTADO DA BAHIA - SINDISAÚDE","2024-2022","CLÁUSULA VIGÉSIMA OITAVA. PRORROGAÇÃO DE JORNADA","As instituições podem prorrogar e compensar jornada com horas extras, desde que haja prévia concordância do empregado.","Fica assegurado pelas instituições o direito de prorrogação e compensação para efeito de horas extras entre os integrantes da categoria, com prévia anuência do empregado."
"SINDICATO DOS TRABALHADORES EM SANTAS CASAS, ENTIDADES FILANTRÓPICAS, BENEFICENTES E RELIGIOSAS EM ESTABELECIMENTOS DE SERVIÇOS DE SAÚDE DO ESTADO DA BAHIA - SINDISAÚDE","2024-2022","CLÁUSULA VRGÉSTMA NONA - COMPENSAÇÃO - SÁBADOS/DOMLNGOS","Instituições podem compensar horas trabalhadas aos sábados/domingos durante a semana, no mês corrente ou seguinte, respeitando a carga semanal de 44 horas.","As instituições poderão compensar o dia de sábado e/ou domingo com o acréscimo correspondente de horas durante a semana, dentro do próprio mês ou, mês subsequente, observada sempre a carga horária semanal de 44 horas.,1r/"
"SINDICATO DOS TRABALHADORES EM SANTAS CASAS, ENTIDADES FILANTRÓPICAS, BENEFICENTES E RELIGIOSAS EM ESTABELECIMENTOS DE SERVIÇOS DE SAÚDE DO ESTADO DA BAHIA - SINDISAÚDE","2024-2022","CLÁUSULA TRTGÉSTMA - BANCO DE HORAS","Instituições podem adotar banco de horas com compensação em até 12 meses, limite mensal igual à carga semanal, controle pelo empregado e pagamento das horas não compensadas na rescisão.","PARAGRAFO PRIMEIRO - As instituições integrantes da categoria econômica representadas pelo SINDIFIBA ficam autorizadas a adotar o sistema de compensação de horas trabalhadas, através do qual o excesso de horas trabalhadas em um ou mais dias possa ser compensado pela correspondente diminuição de jornada em outro dia, de maneira que não exceda, excepciona lmente nesta convenção no prazo máximo de 12 (doze) meses, inclusive os abrangidos pelas jornadas especiais estabelecida em lei. PARÁGRAFO SEGUNDO - A partir de 03 (três) meses após a assinatura da presente Convenção, as instituições deverão disponibilizar aos empregados, informações sobre as horas trabalhadas no mês, possibilitando ao empregado controlar o número de horas a serem compensadas dentro da sistemática ora estabelecida, PARÁGRAFO TERCEIRO - O limite máximo mensal de horas suscetíveis de compensação não poderá exceder a carga horária semanal contratual. PARÁGRAFO QUARTO - Ficam as instituições autorizadas a utilizar-se da compensação no período destinado à concessão de férias, adicionando-se aos dias de férias, os dias correspondentes à compensação prevista. PARAGRAFO QUINTO - As faltas assim como os atrasos injustificados serão descontados conforme legislação aplicável ou, dependendo de aprovação da chefia, compensados, mediante solicitação do empregado. PARÁGRAFo SExTo - Na hipótese de rescisão do contrato de trabalho, as horas trabalhadas e não compensadas serão pagas na rescisão."
"SINDICATO DOS TRABALHADORES EM SANTAS CASAS, ENTIDADES FILANTRÓPICAS, BENEFICENTES E RELIGIOSAS EM ESTABELECIMENTOS DE SERVIÇOS DE SAÚDE DO ESTADO DA BAHIA - SINDISAÚDE","2024-2022","CLÁUSULA TRIGÉSLRUA PRTURTNA - CONTROTE DE JORNADA","Instituições podem usar sistemas eletrônicos alternativos para controle da jornada, conforme Portaria 373/2011 do MTE.","As instituições poderão adotar sistemas alternativos de controle da jornada de trabalho, eletrônico, conforme estabelece a Portaria 373 de 25/07/2011-MTE."
"SINDICATO DOS TRABALHADORES EM SANTAS CASAS, ENTIDADES FILANTRÓPICAS, BENEFICENTES E RELIGIOSAS EM ESTABELECIMENTOS DE SERVIÇOS DE SAÚDE DO ESTADO DA BAHIA - SINDISAÚDE","2024-2022","CLÁUSULA TRIGÉSINNA STCURUOA - GARANTIA DE EMPREGO","Empregados com 10 anos de vínculo têm garantia de emprego ou indenização por 24 meses antes da aposentadoria, mediante comprovação e comunicação formal ao empregador.","Gozarão de garantia de emprego ou salário, assegurada a respectiva indenização caso não seja reintegrado, por situação de Pré-Aposentadoria, nas seguintes condições: PARÁGRAFO PRIMEIRO - Pré-Aposentadoria: para o empregado, por 24 (vinte e quatro) meses imediatamente anteriores à aquisição ao direito ao benefício de aposentadoria da previdência Social, respeitados os critérios estabelecidos pela legislação vigente, aos Empregados e que tiverem o mínimo de 10 (dez) anos de vínculo empregatício ininterrupto com a mesma entidade empregadora, extinguindo-se automaticamente a presente garantia quando o empregado passar a fazer jus à aposentadoriaTÇ PARÁGRAFO SEGUNDO - Quanto aos Empregados na proximidade de aposentãdoria, compreendidos no caput acima, de que trata esta cláusula, devem ser observadas as seguintes cond ições: a) As entidades empregadoras devem divulgar anualmente a seus empregados a necessidade de apresentar ao empregador comprovante que lhe dá o direito a estabilidade prevista nesta cláusula; b) A garantia somente será adquirida e passará a integrar o patrimônio jurídico do Empregado, a partir do recebimento, pela entidade empregadora, de comunicação escrita do Empregado, devidamente protocolada, sem efeito retroativo, de que reúne integralmente as condições previstas em qualquer das hipóteses determinadas pela Emenda Constitucional 7O3/2079, acompanhada dos documentos comprobatórios e desde que apresentada antes de qualquer comunicado de seu desligamento; c) Na vigência do contrato individual de trabalho, esta cláusula não se aplica aos Empregados que já tenham adquirido o direito ao benefício da aposentadoria, nos seus prazos mínimos e nos termos da lei previdenciária em vigor, inclusive suas alterações e ainda que não o tenham requerido junto ao INSS. CúUSUTA TRIGÉSITUN TERCCINA. GARANTIA DE EMPREGO DA GESTANTE Empregadas gestantes terão o emprego garantido, desde a comunicação da gravidez, com a apresentação do atestado médico oficial, até 60 (sessenta) dias após o término da licença previdenciá ria. pARÁGRAFO pRIMEIRO - A empregada que, estando grávida, receber aviso prévio, deverá no curso do mesmo, apresentar atestado médico comprobatório da gravidez ao setor de pessoal devendo a lnstituição tornar sem efeito o dito aviso prévio. pARÁGRAFO SEGUNDO - Na hipótese do aviso prévio ser indenizado, a comprovação de que trata o parágrafo anterior deverá efetuar-se antes de ser concretizado o efetivo desligamento da gestante, para fins de continuação no emprego."
"SINDICATO DOS TRABALHADORES EM SANTAS CASAS, ENTIDADES FILANTRÓPICAS, BENEFICENTES E RELIGIOSAS EM ESTABELECIMENTOS DE SERVIÇOS DE SAÚDE DO ESTADO DA BAHIA - SINDISAÚDE","2024-2022","CLÁUSULA RRRGÉSTRUA QUANRL - ALIMENTAÇÃO","Instituições com refeitórios devem fornecer alimentação gratuita a empregados em plantão de 12h, sem integrar salário, mantendo benefícios já praticados.","As instituições que possuem refeitórios fornecerão aos seus empregados, que laboram em regime de plantão de 12 (doze) horas, alimentação gratuita, desde que seja do seu interesse o cumprimento desta iornada. //,- PARÁGRAFO PRtMEIRO - As instituições que iá praticam o benefício da alimentação permanecerão concedendo na forma ora Vigente, inclusive no que Se refere a ceia e desjejum dos plantões notu rnos. pARÁGRAFO SEGUNDO - O fornecimento de tal alimentação não configura salário indireto e não integrará, o salário do empregado que a receba, pãra qualquer fim'"
"SINDICATO DOS TRABALHADORES EM SANTAS CASAS, ENTIDADES FILANTRÓPICAS, BENEFICENTES E RELIGIOSAS EM ESTABELECIMENTOS DE SERVIÇOS DE SAÚDE DO ESTADO DA BAHIA - SINDISAÚDE","2024-2022","CLÁUSULA TRIGÉSITVIN QUIRUTN - VALE TRANSPORTE","Vale transporte será concedido integralmente, quinzenal ou mensalmente, conforme os 15 ou 30 dias subsequentes, em conformidade com a legislação.","O vale transporte será concedido, quinzenal ou mensalmente de forma integral para os 15 (quinze) ou 30 (trinta) dias subsequentes, respectivamente de conformidade com a Legislação."
"SINDICATO DOS TRABALHADORES EM SANTAS CASAS, ENTIDADES FILANTRÓPICAS, BENEFICENTES E RELIGIOSAS EM ESTABELECIMENTOS DE SERVIÇOS DE SAÚDE DO ESTADO DA BAHIA - SINDISAÚDE","2024-2022","CLÁUSULA TRIGÉSITUI STXTA - ACESSO DE DIRIGENTE SINDICAL","Dirigentes sindicais, com identificação, têm acesso autorizado a locais definidos para comunicação com empregados.","os dirigentes sindicais, mediante identificação, terão acesso aos locais previamente determinados para comunicação com os empregados."
"SINDICATO DOS TRABALHADORES EM SANTAS CASAS, ENTIDADES FILANTRÓPICAS, BENEFICENTES E RELIGIOSAS EM ESTABELECIMENTOS DE SERVIÇOS DE SAÚDE DO ESTADO DA BAHIA - SINDISAÚDE","2024-2022","CLÁUSULA TRIGÉSIUN SÉTIUA - DESEMPENHO PROFISSIONAT","Profissionais de saúde devem atuar com empenho; transporte ocasional fornecido não conta como hora in-itinere; comissões são calculadas pela média dos últimos quatro meses.","os profissionais da área de saúde deverão empreSar no desempenho das suas atividades o máximo de seu empenho, dedicação e zelo, contribuindo sempre naquilo que lhe seja possível, para a melhoria do ambiente e condições de trabalho' cúusutA TR|GÉstrun ottavn - coNDUçÃo No caso da lnstituição fornecer gratuitamente condução para transpofte do empregado, do trabalho para casa e vice-versa, esporadicamente por ocasião de eventos anormais, esse tempo de percurso não será considerado para efeito de hora in-itinere, nem será considerado salário utilidade. crÁusuLA TRIGÉstnna ruorua - MÉDlA DAs coMlssÔEs os cálculos indenizatórios da rescisão de contrato de trabalho, bem como o pagamento das férias e do décimo terceiro salário, serão efetuados para os trabalhadores que percebem comissões, levando-se em conta a média dos últimos quatro meses'"
"SINDICATO DOS TRABALHADORES EM SANTAS CASAS, ENTIDADES FILANTRÓPICAS, BENEFICENTES E RELIGIOSAS EM ESTABELECIMENTOS DE SERVIÇOS DE SAÚDE DO ESTADO DA BAHIA - SINDISAÚDE","2024-2022","CLÁUSULA QUADRAGÉSIMA - DATA BASE","A data base da categoria é 12 de maio, dia comemorativo sem paralisação, e a eleição da CIPA deve ser comunicada ao sindicato com 30 dias de antecedência.","A data base da categoria fica mantida em Ls de maio, reconhecendo-se o dia 12 de maio como data comemorativa da categoria, sem que haja paralisação das atividades que se processarão normalmente. CTÁUSULA QUADRAGÉSIMA PRIMEIRA - ETEIçÃO DA CIPA As instituições comunicarão ao sindicato profissional com antecedência de 30 dias a realização da eleição para CIPA, sob pena de nulidade /lz"
"SINDICATO DOS TRABALHADORES EM SANTAS CASAS, ENTIDADES FILANTRÓPICAS, BENEFICENTES E RELIGIOSAS EM ESTABELECIMENTOS DE SERVIÇOS DE SAÚDE DO ESTADO DA BAHIA - SINDISAÚDE","2024-2022","CLÁUSULA QUADRAGÉSIMA SEGUNDA - DESCONTOS","Instituições podem descontar em folha valores autorizados pelo trabalhador, exceto conforme cláusula sexta, e devem entregar carta de referência em desligamentos sem justa causa.","As instituições poderão descontar, em folha, além das contribuições sindicais, outras parcelas que sejam do interesse do trabalhador, desde que devidamente autorizadas, ressalvada, quanto à manifestação do empregado, a hipótese prevista na cláusula sexta desta convenção. cúUsUtA QUADRAGÉSIMA TERCEIRA - CARTA OE REFERÊNCIA Em casos de desligamento de empregados, sem justa causa, as instituições entregarão aos empregados carta de referência no ato da rescisão do Contrato de Trabalho As instituições com mais de 50 empregados firmarão convênio com a Caixa Econômica Federal para pagamento do PIS em suas respectivas folhas de pagamento."
"SINDICATO DOS TRABALHADORES EM SANTAS CASAS, ENTIDADES FILANTRÓPICAS, BENEFICENTES E RELIGIOSAS EM ESTABELECIMENTOS DE SERVIÇOS DE SAÚDE DO ESTADO DA BAHIA - SINDISAÚDE","2024-2022","CLÁUSULA QUADRAGÉSIMA QUINTA - EXAME MÉDICO","Empregados receberão cópias dos exames médicos e devem comparecer às convocações da Medicina do Trabalho, com conscientização promovida pelo SINDISAÚDE.","As instituições fornecerão aos empregados cópias dos resultados dos exames admissional, periódico e demissional desde quando solicitado pelo empregado. pARÁGRAFO úNICO - Ficam obrigados, os empregadosi a comparecer à Medicina do Trabalho sempre que convocados. Ficando o SINDISAÚDE responsável em realizar um trabalho de con scientização junto à categoria."
"SINDICATO DOS TRABALHADORES EM SANTAS CASAS, ENTIDADES FILANTRÓPICAS, BENEFICENTES E RELIGIOSAS EM ESTABELECIMENTOS DE SERVIÇOS DE SAÚDE DO ESTADO DA BAHIA - SINDISAÚDE","2024-2022","CLÁUSULA QUADRAGÉSIMA SEXTA - CONTRATO POR PRAZO DETERMINADO","Autorizada contratação por prazo determinado até 2 anos, com indenizações proporcionais em rescisões antecipadas e multa de um salário mínimo por descumprimento.","cúUsUtA QUADRAGÉSIMA QUARTA - PIS Fica autorizada a contratação de empregados por prazo determinado, na forma estabelecida pela Lei g.601/98 e Decre to 2.490/98, e, esta prorrogação poderá variar quanto a sua duração, independente do prazo pelo qual tenha sido inicialmente contratado o empregado, desde que não seja ultrapassado o prazo máximo de 02 (dois) anos, contados a partir da primeira contratação. pARÁGRAFO pRIMEIRO - No caso de rescisão antecipada, por iniciativa do empregador, será devido ao empregado, uma indenização correspondente a 30% (trinta por cento) dos salários a que teria direito até o término do contrato de trabalho. Por força da Lei ns 9.601,/98, art. 1e, § 1e, l, não se aplicará na hipótese o art.479, da CLT. PARÁGRAFO SEGUNDO - No caso de rescisão antecipada por iniciativa do empregado, será devido ao empregador uma indenização correspondente a 7Oo/o ldez por cento) dos salários a que ele teria direito até o término do contrato de trabalho, autorizando-se desde já o abatimentor^-- desse valor na rescisão contratual. Por força da Lei ns 9.607/98, art. 1e, § 1e, l, não se aplicará na hipótese o art.480, da CLT. PARÁGRAFO TERCEIRo - Em caso de descumprimento desta cláusula importará multa equivalente a um salário mínimo, em favor da parte prejudicada. CúUSUTA QUADRAGÉSIMA SÉTIMA - NÃO CUMUTATIVIDADE As vantagens contempladas nesta convenção, se regulamentadas por lei, não serão cumulativas, prevalecendo sempre às condições mais benéficas para os empregados. cúusurA QUADRAGÉsrMA otrAVA - stNDtFtBA E slNDlsAÚDE (coMlssÃo) Nomeiam a comissão pãritária de 06 (seis) membros, composta de 03 (três) representantes dos trabalhadores e igual número de representantes das instituições integrantes da categoria econômica com a finalidade especifica de reunir-se trimestralmente visando a discussão a respeito da possibilidade de imptantação de PISO SAIARIAL, REGUTAMENTAçÃO DO PAGAMENTO DE ADICIONAL NOTURNO, NORMATIZAçÃO DE DESCONTO DE TAXA ASSISTENCIAL, IMPTANTAçÃO DE MUTTA NORMATIVA E MULTA POR INADIMPLÊNCIA SALARIAL, DETERMINAçÃO DA BASE DE CÁTCULO DE INSALUBRIDADE, GRATIFICAçÃO DE SETOR ESPECIALIZADO E JORNADA DE TRABALHO. Esta Comissão terá o prazo de 180 (cento e oitenta) dias a contar da assinatura desta Convenção, para emitir parecer sobre a possibilidade ou não de aditamento a presente norma coletiva, com a inserção de cláusulas cujo conteúdo seja o resultado dos estudos desenvolvidos pelo grupo de trabalho."
"SINDICATO DOS TRABALHADORES EM SANTAS CASAS, ENTIDADES FILANTRÓPICAS, BENEFICENTES E RELIGIOSAS EM ESTABELECIMENTOS DE SERVIÇOS DE SAÚDE DO ESTADO DA BAHIA - SINDISAÚDE","2024-2022","CLÁUSULA QUADRAGÉSIMA NONA - COMBATE AO ASSÉDIO MORAT E SEXUAT","Sindicato e empregadores comprometem-se a prevenir e combater assédio moral, sexual e racismo no trabalho, apurando denúncias e promovendo ambiente saudável.","As entidades sindicais convenentes da convenção coletiva reafirmam seus propósitos de combate ao assedio moral e assédio sexual, conforme Lei no 10.224, de 15 de maio de 2001 e disposições da convenção no 111 da Organização lnternacional do Trabalho (olT), bem como combate ao racismo. Dessa forma as partes se comprometem, paritariamente e de forma negociada, a combater qualquer tipo de assédio moral, sexual ou racismo dentro do local de trabalho, apurando denúncias e focando na prevenção efetiva dos conflitos'"
"SINDICATO DOS TRABALHADORES EM SANTAS CASAS, ENTIDADES FILANTRÓPICAS, BENEFICENTES E RELIGIOSAS EM ESTABELECIMENTOS DE SERVIÇOS DE SAÚDE DO ESTADO DA BAHIA - SINDISAÚDE","2024-2022","CLÁUSULA QUTNQUAGÉSIMA - IMPLEMENTAÇÃ6 DO PLSO DE ENFERMAGEM - ADICIONAIS","Com a implementação do piso salarial da enfermagem, se o repasse público não cobrir todas as despesas, as instituições podem pagar horas extras e adicional noturno legalmente e suspender gratificações até nova negociação.","As partes acordam que com a implementação e a obrigatoriedade do pagamento do piso para os trabalhadores abrangidos pela Lei ne 74.43412072, decorrente do PL2564/2020, as instituieõesVrÍ-.l integrantes do segmento patronal, caso o montante mensal a lhes ser repassado pelo Poder Público Federal para fins de custeio do piso salarial, não venha a contemplar a integralidade das despesas e obrigações trabalhistas e previdenciárias respectivas e devidas, poderão promover a partir de então o pagamento das verbas de horas extras e adicional noturno com base nos percentuais legais, como também, até que uma nova regulamentação ocorra com o sindicato laboral, promover a interrupção do pagamento mensal da gratificação do setor especializado dos Auxiliares e Técnicos de Enfermagem."
"SINDICATO DOS TRABALHADORES EM SANTAS CASAS, ENTIDADES FILANTRÓPICAS, BENEFICENTES E RELIGIOSAS EM ESTABELECIMENTOS DE SERVIÇOS DE SAÚDE DO ESTADO DA BAHIA - SINDISAÚDE","2024-2022","CLÁUSULA QUINQUAGÉSIMA PRIMEIRA - REPOUSO SEMANAT REMUNERADO.","O repouso semanal remunerado será preferencialmente aos domingos, com pelo menos um domingo de descanso a cada quatro semanas, respeitando a legislação e sem distinção de gênero.","O repouso semanal remunerado será concedido preferencialmente aos domingos e deverá coincidir com este dia, no mínimo, uma vez dentro do período máximo de quatro semanas, para todos os empregados, sem distinção de gênero, observadas as demais normas de proteção ao trabalho. PARÁGRAFo PRIMEIRO - Não será obrigatória a organização de escala de revezamento quinzenal aos domingos, nos termos do art. 386 da CLI, sendo admitido o trabalho aos domingos, em razão das necessidades operacionais das instituições. PARÁGRAFO SEGUNDO -As partes declaram que a presente cláusula, em conjunto com as demais disposições desta Convenção sobre jornada e escalas de trabalho, observa integralmente os direitos ao repouso semanal remunerado previstos na Iegislação trabalhista, sem distinção de gênero, de forma a favorecer os interesses das mulheres desta categoria."
"SINDICATO DOS TRABALHADORES EM SANTAS CASAS, ENTIDADES FILANTRÓPICAS, BENEFICENTES E RELIGIOSAS EM ESTABELECIMENTOS DE SERVIÇOS DE SAÚDE DO ESTADO DA BAHIA - SINDISAÚDE","2024-2022","CLÁUSULA QUINQUAGÉSIMA SEGUNDA - VIGÊNCIA","A CCT vigora por 24 meses (mai/2025 a abr/2027), não altera cláusulas econômicas vigentes e prevê negociação imediata após implementação do piso salarial.","A celebração deste instrumento não revoga, acresce ou modifica cláusulas econômicas de acordos coletivos vigentes firmados entre o sindicato e as instituições, ainda que sob a égide de convenção anterior, bem como não institui abono ou reajuste adicional, prevalecendo as disposições do acordo celebrado sobre aquelas previstas neste instrumento e válidas as PARÁGRAFO ÚrutCO - Os Sindicatos signatários desta CCT se comprometem a que, tão logo ocorra a implementação e pagamento do piso salarial referido no caput desta cláusula, voltar imediatamente à mesa de negociação para reavaliação das condições estabelecidas na CCT. A vigência da presente Convenção Coletiva de Trabalho é de 24 (vinte e quatro) meses, com início em 1e de maio de 2025 e término em 30 de abril de 2077. obrigações e compromissos assumidos por seus respectivos signalários. rçí/ As partes declaram por si e pelos seus representantes legais, que adotarão todas as providências legais para formalização da presente Convenção. E por estarem de pleno acordo, as partes âssinam a presente Convenção Coletiva de Trabalho, em 04 (quatro) vias, para um só efeito. SIN DIFIBA - Presi James Rodrigo de Senna Costa Anton io Raimundo Teixeira Carvalho"
